{
    "LogisticRegression": {
        "accuracy": 0.877,
        "precision": 0.8765661159273082,
        "recall": 0.877,
        "f1": 0.8738714004966843,
        "auc": 0.9897644937811415,
        "exact_match": 0.877,
        "top3": 0.994
    },
    "RandomForest": {
        "accuracy": 0.8805,
        "precision": 0.8807223095318284,
        "recall": 0.8805,
        "f1": 0.8802174382588178,
        "auc": 0.9905765332695801,
        "exact_match": 0.8805,
        "top3": 0.997
    }
}