{
    "FeedforwardNN": {
        "accuracy": 0.837,
        "precision": 0.8412951707231007,
        "recall": 0.837,
        "f1": 0.8304166606309054,
        "auc": 0.9710892764522888,
        "exact_match": 0.837,
        "top_k_accuracy": 0.9855
    },
    "LSTM": {
        "accuracy": 0.918,
        "precision": 0.9168609582123667,
        "recall": 0.918,
        "f1": 0.9163605929136731,
        "auc": 0.9948612902362327,
        "exact_match": 0.918,
        "top_k_accuracy": 0.9965
    }
}