{
    "FeedforwardNN": {
        "accuracy": 0.867,
        "precision": 0.8746527343399565,
        "recall": 0.867,
        "f1": 0.8669088892301615,
        "auc": 0.9772413561958793,
        "exact_match": 0.867,
        "top_k_accuracy": 0.981
    },
    "LSTM": {
        "accuracy": 0.921,
        "precision": 0.9211368083928667,
        "recall": 0.921,
        "f1": 0.9208781960738295,
        "auc": 0.9925470279469506,
        "exact_match": 0.921,
        "top_k_accuracy": 0.9945
    }
}