Model,Category,Accuracy,Precision,Recall,F1,AUC
LogisticRegression,ML,0.8779389694847424,0.8775466958897364,0.8779389694847424,0.8747735206340004,0.9897593837087534
RandomForest,ML,0.886943471735868,0.8864650883284159,0.886943471735868,0.8862651595313354,0.9904994488475168
FeedforwardNN,DL,0.8454227113556778,0.8563517029997914,0.8454227113556778,0.8474895460504521,0.9687875388913234
LSTM,DL,0.9214607303651826,0.9234789248191504,0.9214607303651826,0.9220188352483035,0.9943256751877984
BERT / DistilBERT,Transformer,,,,,
